USE talkincampus;

SET NAMES utf8mb4;
SET FOREIGN_KEY_CHECKS = 0;

TRUNCATE TABLE comment_likes;
TRUNCATE TABLE post_likes;
TRUNCATE TABLE comments;
TRUNCATE TABLE posts;
TRUNCATE TABLE users;

SET FOREIGN_KEY_CHECKS = 1;

INSERT INTO users (id, username, password_hash, nickname, bio) VALUES
  (1, 'alice', '$2y$10$Ok3nxydJ/d2V.Sy6xclUO.DCu.HCy9kdpMAMhKPaPdPZc0hjeoiym', 'Alice', CONVERT(0xE6B58BE8AF95E794A8E688B720416C696365 USING utf8mb4)),
  (2, 'bob', '$2y$10$Ok3nxydJ/d2V.Sy6xclUO.DCu.HCy9kdpMAMhKPaPdPZc0hjeoiym', 'Bob', CONVERT(0xE6B58BE8AF95E794A8E688B720426F62 USING utf8mb4)),
  (3, 'charlie', '$2y$10$Ok3nxydJ/d2V.Sy6xclUO.DCu.HCy9kdpMAMhKPaPdPZc0hjeoiym', 'Charlie', CONVERT(0xE6B58BE8AF95E794A8E688B720436861726C6965 USING utf8mb4));

INSERT INTO posts (id, user_id, title, content, created_at) VALUES
  (1, 1, CONVERT(0xE59BBEE4B9A6E9A686E887AAE4B9A0E58CBAE68EA8E88D90 USING utf8mb4), CONVERT(0xE69C80E8BF91E69C9FE69CABE5A48DE4B9A0EFBC8CE5A4A7E5AEB6E8A789E5BE97E593AAE4B8AAE887AAE4B9A0E58CBAE6AF94E8BE83E5AE89E99D99EFBC9F USING utf8mb4), '2026-04-30 09:00:00'),
  (2, 2, CONVERT(0xE9A39FE5A082E696B0E59381E8AEA8E8AEBA USING utf8mb4), CONVERT(0xE4BA8CE9A39FE5A082E4BB8AE5A4A9E79A84E696B0E88F9CE69C89E4BABAE8AF95E8BF87E59097EFBC9FE591B3E98193E6808EE4B988E6A0B7EFBC9F USING utf8mb4), '2026-04-30 10:30:00'),
  (3, 3, CONVERT(0xE6A0A1E59BADE8B791E68993E58DA1 USING utf8mb4), CONVERT(0xE69C89E6B2A1E69C89E6999AE4B88AE4B880E8B5B7E6A0A1E59BADE8B791E79A84E5908CE5ADA6EFBC9F USING utf8mb4), '2026-04-30 12:00:00');

INSERT INTO comments (id, post_id, user_id, content, created_at) VALUES
  (1, 1, 2, CONVERT(0xE4B889E6A5BCE99DA0E7AA97E4BD8DE7BDAEE8BF98E4B88DE99499EFBC8CE4BD86E698AFE4B88BE58D88E4BABAE4BC9AE5A49AE38082 USING utf8mb4), '2026-04-30 09:20:00'),
  (2, 1, 3, CONVERT(0xE5BBBAE8AEAEE697A9E782B9E58EBBEFBC8CE6999AE9A5ADE5908EE59FBAE69CACE6B2A1E5BAA7E38082 USING utf8mb4), '2026-04-30 09:40:00'),
  (3, 2, 1, CONVERT(0xE68891E8AF95E4BA86EFBC8CE5818FE8BEA3EFBC8CE4BD86E698AFE8BF98E58FAFE4BBA5E38082 USING utf8mb4), '2026-04-30 10:45:00');

INSERT INTO post_likes (post_id, user_id) VALUES
  (1, 2),
  (1, 3),
  (2, 1);

INSERT INTO comment_likes (comment_id, user_id) VALUES
  (1, 1),
  (2, 1),
  (3, 2);
